"0","#install.packages(""maps"")"
"0","#install.packages(""mapdata"")"
"0","#install.packages(""maptools"")"
"0","#install.packages(""rgdal"")"
"0","#install.packages(""RgoogleMaps"")"
"0","#install.packages(""readr"")"
"0","#install.packages(""spatstat"")"
"0","#install.packages(""dplyr"")"
"0","#install.packages(""readxl"")"
"0","#install.packages(""readr"")"
"0","#install.packages(""ggplot2"")"
"0","#install.packages(""ggmap"")"
"0","library(maps)"
"0","library(mapdata)"
"0","library(maptools)"
"0","library(rgdal)"
"0","library(RgoogleMaps)"
"0","library(readr)"
"0","library(spatstat)"
"0","library(dplyr)"
"0","library(readxl)"
"0","library(readr)"
"0","library(ggplot2)"
"0","library(ggmap)"
